{"_step":53,"test_acc":41,"_timestamp":1.777388463271198e+09,"test_loss":15.695447425842286,"gen_err_acc":10,"R_s_lower_bound":0.16096111894578463,"gen_error_lower_bound":0.3829320926261732,"_wandb":{"runtime":7},"epoch":52,"gen_error_upper_bound":0.5162766495903575,"train_acc":51,"gen_error_loss":-2.5710820219251858,"R_s_upper_bound":0.22763339742787675,"_runtime":7,"train_loss":13.1243654039171}