{"gen_err_acc":-10,"gen_error_lower_bound":1.4752234171076775,"test_loss":7.728410377502441,"epoch":120,"test_acc":59,"R_s_lower_bound":0.7071067811865367,"train_acc":49,"train_loss":9.607104153103299,"_step":121,"R_s_upper_bound":0.9999999999999802,"gen_error_loss":1.8786937756008575,"_wandb":{"runtime":17},"gen_error_upper_bound":2.0610098547345643,"_runtime":17,"_timestamp":1.7773908149647338e+09}