{"_step":327,"train_acc":51,"test_acc":41,"epoch":326,"_wandb":{"runtime":54},"R_s_lower_bound":0.7071067811865367,"gen_err_acc":10,"_runtime":54,"test_loss":6.744349269866944,"_timestamp":1.777390873246163e+09,"gen_error_lower_bound":1.4752234171076775,"train_loss":5.28721996307373,"gen_error_upper_bound":2.0610098547345643,"gen_error_loss":-1.4571293067932132,"R_s_upper_bound":0.9999999999999802}