{"_timestamp":1.7773885299456892e+09,"R_s_lower_bound":0.16096111894578463,"gen_error_lower_bound":0.3829320926261732,"test_loss":4.719613265991211,"epoch":90,"_runtime":24,"test_acc":45,"gen_err_acc":5.333333333333329,"train_loss":4.227544294993082,"_wandb":{"runtime":24},"_step":91,"train_acc":50.33333333333333,"gen_error_loss":-0.49206897099812874,"R_s_upper_bound":0.22763339742787675,"gen_error_upper_bound":0.5162766495903575}