{"_timestamp":1.777391030784628e+09,"train_acc":53.22222222222223,"_runtime":45,"_step":176,"gen_error_lower_bound":1.4752234171076775,"epoch":175,"R_s_lower_bound":0.7071067811865367,"_wandb":{"runtime":45},"train_loss":0.765702215300666,"test_acc":49,"test_loss":0.8590184116363525,"gen_error_upper_bound":2.0610098547345643,"R_s_upper_bound":0.9999999999999802,"gen_error_loss":-0.09331619633568655,"gen_err_acc":4.2222222222222285}