{"_runtime":39,"test_acc":41,"test_loss":0.7006448197364807,"_timestamp":1.777388451973836e+09,"gen_err_acc":10,"gen_error_lower_bound":0.3829320926261732,"gen_error_loss":-0.0074748624695671895,"R_s_upper_bound":0.22763339742787675,"gen_error_upper_bound":0.5162766495903575,"train_loss":0.6931699572669136,"train_acc":51,"_wandb":{"runtime":39},"_step":355,"R_s_lower_bound":0.16096111894578463,"epoch":354}