{"test_acc":42,"gen_error_loss":-0.07534533606635208,"R_s_lower_bound":0.16096111894578463,"gen_error_upper_bound":0.5162766495903575,"_step":48,"train_acc":51.44444444444445,"gen_error_lower_bound":0.3829320926261732,"test_loss":0.8664017200469971,"_timestamp":1.777388485374012e+09,"_wandb":{"runtime":9},"_runtime":9,"R_s_upper_bound":0.22763339742787675,"epoch":47,"gen_err_acc":9.44444444444445,"train_loss":0.791056383980645}