{"train_loss":0.6985955646302965,"gen_err_acc":10.888888888888886,"R_s_upper_bound":0.9999999999999802,"_step":202,"_wandb":{"runtime":39},"test_acc":42,"train_acc":52.888888888888886,"gen_error_loss":-0.03241461012098523,"gen_error_upper_bound":2.0610098547345643,"test_loss":0.7310101747512817,"R_s_lower_bound":0.7071067811865367,"_timestamp":1.777390916318048e+09,"_runtime":39,"epoch":201,"gen_error_lower_bound":1.4752234171076775}