{"test_acc":59,"_timestamp":1.777388503173961e+09,"R_s_upper_bound":0.22763339742787675,"R_s_lower_bound":0.16096111894578463,"gen_err_acc":-10.111111111111114,"gen_error_lower_bound":0.3829320926261732,"test_loss":1.9348104095458984,"gen_error_loss":0.4836402553982204,"gen_error_upper_bound":0.5162766495903575,"_step":64,"train_acc":48.888888888888886,"_wandb":{"runtime":14},"_runtime":14,"epoch":63,"train_loss":2.418450664944119}