{"gen_error_lower_bound":1.4752234171076775,"train_acc":51,"test_loss":0.6971892666816711,"test_acc":41,"gen_error_upper_bound":2.0610098547345643,"R_s_lower_bound":0.7071067811865367,"_runtime":53,"R_s_upper_bound":0.9999999999999802,"train_loss":0.6929479259914822,"gen_error_loss":-0.004241340690188888,"epoch":499,"_wandb":{"runtime":53},"gen_err_acc":10,"_step":500,"_timestamp":1.7773907951526442e+09}