{"_timestamp":1.7773909819748878e+09,"_wandb":{"runtime":62},"gen_error_loss":-0.02368745538923478,"gen_error_upper_bound":2.0610098547345643,"gen_err_acc":0.11111111111110716,"test_loss":0.7477049136161804,"_step":275,"R_s_lower_bound":0.7071067811865367,"train_acc":54.11111111111111,"gen_error_lower_bound":1.4752234171076775,"R_s_upper_bound":0.9999999999999802,"_runtime":62,"train_loss":0.7240174582269456,"test_acc":54,"epoch":274}