{"gen_error_lower_bound":0.3829320926261732,"R_s_lower_bound":0.16096111894578463,"_step":32,"gen_error_upper_bound":0.5162766495903575,"epoch":31,"train_acc":51,"gen_err_acc":10,"R_s_upper_bound":0.22763339742787675,"gen_error_loss":-0.07706448660956489,"test_loss":0.8517796134948731,"_wandb":{"runtime":5},"test_acc":41,"train_loss":0.7747151268853082,"_runtime":5,"_timestamp":1.777388472211797e+09}